<?xml version="1.0" encoding="UTF-8"?>
<project-private xmlns="http://www.netbeans.org/ns/project-private/1">
    <editor-bookmarks xmlns="http://www.netbeans.org/ns/editor-bookmarks/2" lastBookmarkId="0"/>
    <open-files xmlns="http://www.netbeans.org/ns/projectui-open-files/2">
        <group>
            <file>file:/C:/new/java%20languange/project/Tugas%201_Muh.%20Alif%20Faturahman_13020230039/src/tugas/pkg1_muh/alif/faturahman_13020230039/Item.java</file>
            <file>file:/C:/new/java%20languange/project/Tugas%201_Muh.%20Alif%20Faturahman_13020230039/src/tugas/pkg1_muh/alif/faturahman_13020230039/Tugas1_MuhAlifFaturahman_13020230039.java</file>
            <file>file:/C:/new/java%20languange/project/Tugas%201_Muh.%20Alif%20Faturahman_13020230039/src/tugas/pkg1_muh/alif/faturahman_13020230039/Buku.java</file>
            <file>file:/C:/new/java%20languange/project/Tugas%201_Muh.%20Alif%20Faturahman_13020230039/src/tugas/pkg1_muh/alif/faturahman_13020230039/DVD.java</file>
        </group>
    </open-files>
</project-private>
